seed,bot,outcome,reached,chapter,rooms_cleared,encounters,solo_ok,serious_wounds,stage_at_camp,rate_at_camp,duel,duel_s,offered,earned,penalties,final_rate,xp,sim_s,hash,rooms
1,idle,hero_died,Chapter,2,2,4,3,0,-,-1.00,-,0.0,17,0,0.0,0.00,420,123,061f5a1cd3ae63fc,0:poacher_camp:ok;1:quills_glade:ok;2:snare_line:ok;3:mire_crossing:died;
2,idle,hero_died,Chapter,2,2,4,3,0,-,-1.00,-,0.0,22,0,0.0,0.00,420,122,9d05b9d5f80e9d76,0:poacher_camp:ok;1:quills_glade:ok;2:mire_crossing:ok;3:fern_hollow:died;
3,idle,hero_died,Chapter,2,2,4,3,0,-,-1.00,-,0.0,17,0,0.0,0.00,420,120,04b20035b0144bab,0:poacher_camp:ok;1:quills_glade:ok;2:snare_line:ok;3:mire_crossing:died;
4,idle,hero_died,Chapter,2,0,1,0,0,-,-1.00,-,0.0,15,0,0.0,0.00,240,30,43b96a0c87b8a000,0:fern_hollow:died;
5,idle,hero_died,Chapter,2,3,4,3,0,-,-1.00,-,0.0,23,0,0.0,0.00,510,134,073ad2ac16e98ecd,0:poacher_camp:ok;1:quills_glade:ok;2:mire_crossing:ok;3:fern_hollow:died;
6,idle,hero_died,Chapter,2,2,4,3,0,-,-1.00,-,0.0,17,0,0.0,0.00,420,120,04b20035b0144bab,0:poacher_camp:ok;1:quills_glade:ok;2:snare_line:ok;3:mire_crossing:died;
7,idle,hero_died,Chapter,2,0,1,0,0,-,-1.00,-,0.0,15,0,0.0,0.00,240,30,bf7f70ec6e14458b,0:fern_hollow:died;
8,idle,hero_died,Chapter,2,0,1,0,0,-,-1.00,-,0.0,15,0,0.0,0.00,240,30,c3f048e94b31ff94,0:fern_hollow:died;
9,idle,chapter_done,Camp,2,4,4,4,0,-,0.00,-,0.0,16,0,0.0,0.00,600,133,c40bd2f66df3e9d1,0:fern_hollow:ok;1:quills_glade:ok;2:mire_crossing:ok;3:poacher_camp:ok;
10,idle,hero_died,Chapter,2,2,4,3,0,-,-1.00,-,0.0,23,0,0.0,0.00,420,115,5c191cef26503395,0:fern_hollow:ok;1:quills_glade:ok;2:snare_line:ok;3:poacher_camp:died;
1,supportive,hero_died,Chapter,2,2,4,3,0,-,-1.00,-,0.0,28,21,0.0,0.75,690,103,892e25d97e485fe3,0:poacher_camp:ok;1:quills_glade:ok;2:snare_line:ok;3:mire_crossing:died;
2,supportive,chapter_done,Camp,2,4,4,4,0,-,0.71,-,0.0,35,25,0.0,0.71,825,111,57d06f21b914f502,0:poacher_camp:ok;1:quills_glade:ok;2:mire_crossing:ok;3:fern_hollow:ok;
3,supportive,chapter_done,Camp,2,3,4,4,0,-,0.60,-,0.0,30,23,5.0,0.60,780,116,08b8e1ed1e73c3cb,0:poacher_camp:ok;1:quills_glade:ok;2:snare_line:ok;3:mire_crossing:ok;
4,supportive,chapter_done,Camp,2,3,4,4,0,-,0.60,-,0.0,43,29,3.0,0.60,690,117,e02bbe86c18c473c,0:fern_hollow:ok;1:quills_glade:ok;2:snare_line:ok;3:mire_crossing:ok;
5,supportive,hero_died,Chapter,2,3,4,3,0,-,-1.00,-,0.0,38,28,0.0,0.74,735,107,3ec242077e285dd1,0:poacher_camp:ok;1:quills_glade:ok;2:mire_crossing:ok;3:fern_hollow:died;
6,supportive,chapter_done,Camp,2,3,4,4,0,-,0.60,-,0.0,30,23,5.0,0.60,780,116,08b8e1ed1e73c3cb,0:poacher_camp:ok;1:quills_glade:ok;2:snare_line:ok;3:mire_crossing:ok;
7,supportive,hero_died,Chapter,2,2,4,3,0,-,-1.00,-,0.0,37,18,0.0,0.49,555,115,f63fa3e2ed71f382,0:fern_hollow:ok;1:quills_glade:ok;2:snare_line:ok;3:mire_crossing:died;
8,supportive,hero_died,Chapter,2,2,3,2,0,-,-1.00,-,0.0,31,13,0.0,0.42,465,81,aab327593ecc8ed4,0:fern_hollow:ok;1:quills_glade:ok;2:snare_line:died;
9,supportive,chapter_done,Camp,2,4,4,4,0,-,0.69,-,0.0,32,22,0.0,0.69,825,117,1d7dfbb216729ed2,0:fern_hollow:ok;1:quills_glade:ok;2:mire_crossing:ok;3:poacher_camp:ok;
10,supportive,chapter_done,Camp,2,3,4,4,0,-,0.63,-,0.0,32,20,0.0,0.63,735,109,eb3c6147be2cfc01,0:fern_hollow:ok;1:quills_glade:ok;2:snare_line:ok;3:poacher_camp:ok;
