seed,bot,outcome,reached,rooms_cleared,encounters,solo_ok,serious_wounds,stage_at_camp,rate_at_camp,duel,duel_s,offered,earned,penalties,final_rate,xp,sim_s,hash,rooms
1,idle,hero_died,Chapter,0,1,0,0,-,-1.00,-,0.0,6,0,0.0,0.00,0,34,86baefe51258067d,0:wagon_camp:died;
2,idle,hero_died,Chapter,0,1,0,0,-,-1.00,-,0.0,12,0,0.0,0.00,0,23,a73f9c3043fc0232,0:toll_gate:died;
3,idle,hero_died,Duel,2,3,3,0,S0,0.00,Lost,34.7,35,0,0.0,0.00,100,145,e0e371f43c8ee557,0:crossroads_shrine:ok;1:wagon_camp:ok;2:toll_gate:ok;
4,idle,hero_died,Chapter,0,1,0,0,-,-1.00,-,0.0,6,0,0.0,0.00,0,34,afe499a764eb6e47,0:wagon_camp:died;
5,idle,hero_died,Chapter,0,1,0,0,-,-1.00,-,0.0,12,0,0.0,0.00,0,23,d47e550e3c7f7544,0:toll_gate:died;
6,idle,hero_died,Chapter,0,1,0,0,-,-1.00,-,0.0,12,0,0.0,0.00,0,23,8f9947194acdb681,0:toll_gate:died;
7,idle,hero_died,Duel,1,3,3,0,S0,0.00,Lost,34.7,34,0,0.0,0.00,50,138,cbc4fc41db05cdb9,0:crossroads_shrine:ok;1:ruined_gatehouse:ok;2:wagon_camp:ok;
8,idle,hero_died,Duel,0,3,3,0,S0,0.00,Lost,34.7,31,0,0.0,0.00,0,130,45421476d751a320,0:wagon_camp:ok;1:ruined_gatehouse:ok;2:crossroads_shrine:ok;
9,idle,hero_died,Chapter,1,3,2,0,-,-1.00,-,0.0,28,0,3.0,0.00,50,83,d3ebe81861192073,0:crossroads_shrine:ok;1:toll_gate:ok;2:ruined_gatehouse:died;
10,idle,hero_died,Chapter,1,3,2,0,-,-1.00,-,0.0,29,0,3.0,0.00,50,89,0460ec74bbf607fe,0:crossroads_shrine:ok;1:wagon_camp:ok;2:toll_gate:died;
1,sloppy,hero_died,Duel,2,3,3,0,S0,0.00,Lost,38.4,28,4,8.4,0.00,175,129,e0e3e0041137fb45,0:wagon_camp:ok;1:ruined_gatehouse:ok;2:crossroads_shrine:ok;
2,sloppy,hero_died,Chapter,0,2,1,0,-,-1.00,-,0.0,17,0,3.0,0.00,50,42,7f817047b1002729,0:toll_gate:ok;1:wagon_camp:died;
3,sloppy,sidekick_died,Chapter,1,2,2,0,-,-1.00,-,0.0,19,3,5.7,0.00,100,55,33bf424726a0bc8b,0:crossroads_shrine:ok;1:wagon_camp:ok;
4,sloppy,hero_died,Chapter,1,2,1,0,-,-1.00,-,0.0,16,0,0.0,0.00,100,47,5763d2257a9b9afc,0:wagon_camp:ok;1:toll_gate:died;
5,sloppy,hero_died,Chapter,0,2,1,0,-,-1.00,-,0.0,20,0,0.0,0.00,50,43,e2ab287a4cd55358,0:toll_gate:ok;1:ruined_gatehouse:died;
6,sloppy,hero_died,Chapter,0,3,2,0,-,-1.00,-,0.0,28,0,0.0,0.00,75,69,89417579484f5b42,0:toll_gate:ok;1:ruined_gatehouse:ok;2:crossroads_shrine:died;
7,sloppy,hero_died,Chapter,1,2,1,0,-,-1.00,-,0.0,22,0,3.0,0.00,100,49,2a7deda0b8631ec3,0:crossroads_shrine:ok;1:ruined_gatehouse:died;
8,sloppy,hero_died,Duel,0,3,3,0,S0,0.00,Lost,34.8,33,0,5.0,0.00,75,116,ec2cfdad8e534876,0:wagon_camp:ok;1:ruined_gatehouse:ok;2:crossroads_shrine:ok;
9,sloppy,hero_died,Chapter,1,3,2,0,-,-1.00,-,0.0,28,0,3.0,0.00,125,71,e42d8d5dce232da3,0:crossroads_shrine:ok;1:toll_gate:ok;2:ruined_gatehouse:died;
10,sloppy,hero_died,Chapter,1,2,1,0,-,-1.00,-,0.0,19,0,0.0,0.00,100,51,8067338080a753cd,0:crossroads_shrine:ok;1:wagon_camp:died;
1,supportive,hero_died,Duel,2,3,3,0,S0,0.19,Lost,40.5,35,8,10.5,0.00,175,136,8357875f4fce4325,0:wagon_camp:ok;1:ruined_gatehouse:ok;2:crossroads_shrine:ok;
2,supportive,hero_died,Duel,0,3,3,0,S0,0.26,Lost,34.7,36,15,9.0,0.17,100,117,887f744154535475,0:toll_gate:ok;1:wagon_camp:ok;2:crossroads_shrine:ok;
3,supportive,hero_died,Duel,2,3,3,0,S0,0.18,Lost,34.7,36,13,10.8,0.06,225,131,00bb454d5d281ad3,0:crossroads_shrine:ok;1:wagon_camp:ok;2:toll_gate:ok;
4,supportive,hero_died,Duel,1,3,3,0,S0,0.13,Lost,34.8,33,6,3.0,0.09,125,127,de416db2390a1826,0:wagon_camp:ok;1:toll_gate:ok;2:ruined_gatehouse:ok;
5,supportive,hero_died,Duel,0,3,3,0,S0,0.04,Lost,34.8,32,7,6.0,0.03,75,119,528dab6ba9b6d169,0:toll_gate:ok;1:ruined_gatehouse:ok;2:wagon_camp:ok;
6,supportive,hero_died,Duel,0,3,3,0,S0,0.19,Lost,34.8,41,12,6.0,0.15,75,111,3f24eb5f26e27801,0:toll_gate:ok;1:ruined_gatehouse:ok;2:crossroads_shrine:ok;
7,supportive,hero_died,Duel,1,3,3,0,S0,0.00,Lost,34.8,39,9,11.7,0.00,125,129,f7b6e06096417460,0:crossroads_shrine:ok;1:ruined_gatehouse:ok;2:wagon_camp:ok;
8,supportive,hero_died,Duel,0,3,3,0,S0,0.19,Lost,34.8,36,11,6.0,0.14,50,123,e08ba55962224220,0:wagon_camp:ok;1:ruined_gatehouse:ok;2:crossroads_shrine:ok;
9,supportive,hero_died,Duel,1,3,3,0,S0,0.00,Lost,34.8,40,9,9.0,0.00,125,121,ce1f92fe8daec3c9,0:crossroads_shrine:ok;1:toll_gate:ok;2:ruined_gatehouse:ok;
10,supportive,hero_died,Duel,1,3,3,0,S0,0.13,Lost,34.7,39,13,11.7,0.03,150,125,498147f7f954d9bb,0:crossroads_shrine:ok;1:wagon_camp:ok;2:toll_gate:ok;
1,fixer,hero_died,Duel,2,3,3,0,S0,0.08,Lost,36.9,33,11,6.0,0.15,175,131,4ce0f4b0c95db0c0,0:wagon_camp:ok;1:ruined_gatehouse:ok;2:crossroads_shrine:ok;
2,fixer,won,Duel,0,3,3,0,S1,0.33,Won,43.1,33,14,3.0,0.33,100,126,be9e731b70456542,0:toll_gate:ok;1:wagon_camp:ok;2:crossroads_shrine:ok;
3,fixer,hero_died,Duel,2,3,3,0,S0,0.16,Lost,36.8,40,14,6.0,0.20,175,135,f9a6fe9c4a0f1062,0:crossroads_shrine:ok;1:wagon_camp:ok;2:toll_gate:ok;
4,fixer,hero_died,Duel,1,3,3,0,S0,0.09,Lost,36.8,31,11,6.0,0.16,125,129,1ea1c32084cd2278,0:wagon_camp:ok;1:toll_gate:ok;2:ruined_gatehouse:ok;
5,fixer,hero_died,Duel,0,3,3,0,S0,0.17,Lost,36.8,32,10,3.0,0.22,75,123,940f783331876fad,0:toll_gate:ok;1:ruined_gatehouse:ok;2:wagon_camp:ok;
6,fixer,hero_died,Duel,0,3,3,0,S0,0.07,Lost,36.8,37,11,6.0,0.14,75,115,d4ef6777c45fc354,0:toll_gate:ok;1:ruined_gatehouse:ok;2:crossroads_shrine:ok;
7,fixer,hero_died,Chapter,1,3,2,0,-,-1.00,-,0.0,28,4,6.0,0.00,100,77,4982b27cbdd3dc15,0:crossroads_shrine:ok;1:ruined_gatehouse:ok;2:wagon_camp:died;
8,fixer,hero_died,Duel,0,3,3,0,S0,0.17,Lost,36.8,33,10,3.0,0.21,50,125,230f36a07d894901,0:wagon_camp:ok;1:ruined_gatehouse:ok;2:crossroads_shrine:ok;
9,fixer,hero_died,Duel,1,3,3,0,S0,0.13,Lost,36.8,40,10,3.0,0.18,125,124,9014881a0b11cad3,0:crossroads_shrine:ok;1:toll_gate:ok;2:ruined_gatehouse:ok;
10,fixer,hero_died,Duel,1,3,3,0,S0,0.15,Lost,36.7,43,14,6.0,0.19,125,130,a834db4598458ff8,0:crossroads_shrine:ok;1:wagon_camp:ok;2:toll_gate:ok;
1,handler,hero_died,Chapter,1,3,2,0,-,-1.00,-,0.0,28,6,0.0,0.21,125,77,536c206dbc0cef9f,0:wagon_camp:ok;1:ruined_gatehouse:ok;2:crossroads_shrine:died;
2,handler,won,Duel,0,3,3,0,S1,0.64,Won,43.1,46,23,6.0,0.37,100,125,90bf205e3a9731e2,0:toll_gate:ok;1:wagon_camp:ok;2:crossroads_shrine:ok;
3,handler,hero_died,Duel,2,3,3,0,S0,0.05,Lost,36.5,48,15,11.0,0.08,200,133,3084b2cfaa52ed29,0:crossroads_shrine:ok;1:wagon_camp:ok;2:toll_gate:ok;
4,handler,hero_died,Chapter,1,3,2,0,-,-1.00,-,0.0,28,6,6.0,0.00,125,76,4060f64f1b1cbe44,0:wagon_camp:ok;1:toll_gate:ok;2:ruined_gatehouse:died;
5,handler,won,Duel,0,3,3,0,S1,0.41,Won,43.1,42,13,6.0,0.17,75,127,519971f6e980ece2,0:toll_gate:ok;1:ruined_gatehouse:ok;2:wagon_camp:ok;
6,handler,won,Duel,0,3,3,0,S1,0.44,Won,43.1,51,18,6.0,0.24,75,119,4103965b53d39b00,0:toll_gate:ok;1:ruined_gatehouse:ok;2:crossroads_shrine:ok;
7,handler,hero_died,Chapter,1,3,2,0,-,-1.00,-,0.0,34,8,6.0,0.06,125,79,dad95221adb486ff,0:crossroads_shrine:ok;1:ruined_gatehouse:ok;2:wagon_camp:died;
8,handler,won,Duel,0,3,3,0,S1,0.48,Won,43.1,46,17,6.0,0.24,50,131,fecb49d8f89c2cd1,0:wagon_camp:ok;1:ruined_gatehouse:ok;2:crossroads_shrine:ok;
9,handler,hero_died,Chapter,1,3,2,0,-,-1.00,-,0.0,35,9,6.0,0.09,125,75,ac61ba145e969c8a,0:crossroads_shrine:ok;1:toll_gate:ok;2:ruined_gatehouse:died;
10,handler,hero_died,Duel,1,3,3,0,S0,0.11,Lost,36.5,55,19,12.0,0.13,150,130,52e7ad48e331b34c,0:crossroads_shrine:ok;1:wagon_camp:ok;2:toll_gate:ok;
1,shadow,hero_died,Duel,2,3,3,0,S0,0.12,Lost,34.8,35,6,0.0,0.17,200,134,44c608fbb56e37e0,0:wagon_camp:ok;1:ruined_gatehouse:ok;2:crossroads_shrine:ok;
2,shadow,hero_died,Chapter,0,2,1,0,-,-1.00,-,0.0,17,3,0.0,0.18,75,43,82dd9ef972982feb,0:toll_gate:ok;1:wagon_camp:died;
3,shadow,hero_died,Chapter,1,2,1,0,-,-1.00,-,0.0,23,3,0.0,0.13,125,53,0ef41f05522739eb,0:crossroads_shrine:ok;1:wagon_camp:died;
4,shadow,hero_died,Chapter,1,3,2,0,-,-1.00,-,0.0,23,6,0.0,0.26,100,76,41710b2705677709,0:wagon_camp:ok;1:toll_gate:ok;2:ruined_gatehouse:died;
5,shadow,hero_died,Chapter,0,2,1,0,-,-1.00,-,0.0,20,3,0.0,0.15,50,43,d16959ec697c1d01,0:toll_gate:ok;1:ruined_gatehouse:died;
6,shadow,hero_died,Chapter,0,3,2,0,-,-1.00,-,0.0,28,3,0.0,0.11,75,69,3e7f684ddd554d5e,0:toll_gate:ok;1:ruined_gatehouse:ok;2:crossroads_shrine:died;
7,shadow,hero_died,Chapter,1,3,2,0,-,-1.00,-,0.0,25,3,0.0,0.12,125,73,e80b8ffb200578c5,0:crossroads_shrine:ok;1:ruined_gatehouse:ok;2:wagon_camp:died;
8,shadow,hero_died,Duel,0,3,3,0,S0,0.00,Lost,34.8,33,0,0.0,0.00,50,120,ad1109ecc6a1ff2e,0:wagon_camp:ok;1:ruined_gatehouse:ok;2:crossroads_shrine:ok;
9,shadow,hero_died,Chapter,1,3,2,0,-,-1.00,-,0.0,28,3,0.0,0.11,125,71,5365ffafbb470a6a,0:crossroads_shrine:ok;1:toll_gate:ok;2:ruined_gatehouse:died;
10,shadow,hero_died,Chapter,1,3,2,0,-,-1.00,-,0.0,29,0,0.0,0.00,125,68,c3aaed796f58cc35,0:crossroads_shrine:ok;1:wagon_camp:ok;2:toll_gate:died;
